{
    "0": {
        "precision": 0.8823529411764706,
        "recall": 0.8823529411764706,
        "f1-score": 0.8823529411764706,
        "support": 34.0
    },
    "1": {
        "precision": 0.875,
        "recall": 0.8484848484848485,
        "f1-score": 0.8615384615384616,
        "support": 33.0
    },
    "2": {
        "precision": 0.8823529411764706,
        "recall": 0.9090909090909091,
        "f1-score": 0.8955223880597015,
        "support": 33.0
    },
    "accuracy": 0.88,
    "macro avg": {
        "precision": 0.8799019607843137,
        "recall": 0.8799762329174095,
        "f1-score": 0.8798045969248779,
        "support": 100.0
    },
    "weighted avg": {
        "precision": 0.8799264705882354,
        "recall": 0.88,
        "f1-score": 0.8798300803673937,
        "support": 100.0
    }
}