,precision,recall,f1-score,support
0,0.8823529411764706,0.8823529411764706,0.8823529411764706,34.0
1,0.875,0.8484848484848485,0.8615384615384616,33.0
2,0.8823529411764706,0.9090909090909091,0.8955223880597015,33.0
accuracy,0.88,0.88,0.88,0.88
macro avg,0.8799019607843137,0.8799762329174095,0.8798045969248779,100.0
weighted avg,0.8799264705882354,0.88,0.8798300803673937,100.0
